,ContextTokens,GeneratedTokens
count,19366.0,19366.0
mean,1154.6974078281523,211.12594237323142
std,1108.8225644868064,162.87047848368772
min,2.0,7.0
25%,396.0,85.0
50%,1020.0,129.0
75%,1189.0,395.0
max,14050.0,1000.0
